n_models,n_tasks,elapsed_lomo,elapsed_lasomo,plan
2,1,0.074,0.208,sequential
3,1,0.182,0.24,sequential
4,1,0.079,0.271,sequential
5,1,0.115,0.53,sequential
6,1,0.09,0.679,sequential
7,1,0.092,1.033,sequential
8,1,0.12,1.998,sequential
2,2,0.19,0.402,sequential
3,2,0.206,0.439,sequential
4,2,0.238,0.563,sequential
5,2,0.278,0.683,sequential
6,2,0.176,1.14,sequential
7,2,0.21,1.804,sequential
8,2,0.263,3.742,sequential
2,3,0.284,0.611,sequential
3,3,0.214,0.751,sequential
4,3,0.242,0.871,sequential
5,3,0.277,1.089,sequential
6,3,0.239,1.67,sequential
7,3,0.35,2.78,sequential
8,3,0.387,5.792,sequential
2,4,0.37,0.8,sequential
3,4,0.285,0.998,sequential
4,4,0.286,1.223,sequential
5,4,0.422,1.364,sequential
6,4,0.444,2.099,sequential
7,4,0.497,4.139,sequential
8,4,0.464,7.937,sequential
2,5,0.304,1.146,sequential
3,5,0.471,1.247,sequential
4,5,0.485,1.518,sequential
5,5,0.4,1.895,sequential
6,5,0.526,2.84,sequential
7,5,0.533,4.763,sequential
8,5,0.587,10.313,sequential
2,6,0.38,1.332,sequential
3,6,0.434,1.429,sequential
4,6,0.525,1.65,sequential
5,6,0.565,2.133,sequential
6,6,0.593,3.256,sequential
7,6,0.638,5.823,sequential
8,6,0.638,11.865,sequential
2,7,0.562,1.397,sequential
3,7,0.585,1.558,sequential
4,7,0.623,1.915,sequential
5,7,0.641,2.491,sequential
6,7,0.716,3.825,sequential
7,7,0.728,6.841,sequential
8,7,0.761,14.286,sequential
2,8,0.608,1.863,sequential
3,8,0.548,1.926,sequential
4,8,0.696,2.103,sequential
5,8,0.735,3.119,sequential
6,8,0.724,4.37,sequential
7,8,0.867,8.107,sequential
8,8,0.991,16.46,sequential
2,9,0.756,2.001,sequential
3,9,0.618,2.171,sequential
4,9,0.789,2.378,sequential
5,9,0.782,3.25,sequential
6,9,0.896,5.163,sequential
7,9,0.927,8.762,sequential
8,9,1.19,18.77,sequential
2,10,0.788,2.076,sequential
3,10,0.766,2.25,sequential
4,10,0.785,2.701,sequential
5,10,0.89,3.671,sequential
6,10,0.983,5.432,sequential
7,10,1.033,9.878,sequential
8,10,1.095,21.165,sequential
2,1,0.646,0.236,multisession
3,1,0.161,0.27,multisession
4,1,0.112,0.289,multisession
5,1,0.115,0.382,multisession
6,1,0.161,0.564,multisession
7,1,0.146,1.029,multisession
8,1,0.126,1.992,multisession
2,2,0.547,0.245,multisession
3,2,0.11,0.248,multisession
4,2,0.094,0.346,multisession
5,2,0.123,0.418,multisession
6,2,0.104,0.595,multisession
7,2,0.125,1.118,multisession
8,2,0.157,2.106,multisession
2,3,0.616,0.245,multisession
3,3,0.137,0.27,multisession
4,3,0.13,0.362,multisession
5,3,0.117,0.416,multisession
6,3,0.119,0.638,multisession
7,3,0.122,1.169,multisession
8,3,0.121,2.258,multisession
2,4,0.565,0.269,multisession
3,4,0.159,0.327,multisession
4,4,0.107,0.343,multisession
5,4,0.137,0.45,multisession
6,4,0.135,0.704,multisession
7,4,0.146,1.263,multisession
8,4,0.129,2.296,multisession
2,5,0.175,0.498,multisession
3,5,0.212,0.553,multisession
4,5,0.2,0.638,multisession
5,5,0.19,0.847,multisession
6,5,0.224,1.262,multisession
7,5,0.226,2.306,multisession
8,5,0.278,4.371,multisession
2,6,0.2,0.472,multisession
3,6,0.171,0.525,multisession
4,6,0.188,0.6,multisession
5,6,0.211,0.882,multisession
6,6,0.228,1.233,multisession
7,6,0.225,2.169,multisession
8,6,0.264,4.419,multisession
2,7,0.181,0.467,multisession
3,7,0.225,0.545,multisession
4,7,0.219,0.638,multisession
5,7,0.205,0.887,multisession
6,7,0.227,1.285,multisession
7,7,0.254,2.201,multisession
8,7,0.282,4.648,multisession
2,8,0.234,0.501,multisession
3,8,0.193,0.534,multisession
4,8,0.241,0.645,multisession
5,8,0.26,0.945,multisession
6,8,0.216,1.323,multisession
7,8,0.23,2.459,multisession
8,8,0.303,4.838,multisession
2,9,0.233,0.778,multisession
3,9,0.247,0.809,multisession
4,9,0.263,1.025,multisession
5,9,0.277,1.257,multisession
6,9,0.293,1.89,multisession
7,9,0.326,3.424,multisession
8,9,0.343,6.752,multisession
2,10,0.269,0.695,multisession
3,10,0.296,0.858,multisession
4,10,0.307,0.988,multisession
5,10,0.278,1.243,multisession
6,10,0.296,1.925,multisession
7,10,0.391,3.492,multisession
8,10,0.343,7.128,multisession
9,1,0.179,4.705,multisession
10,1,0.207,14.134,multisession
9,2,0.326,5.135,multisession
10,2,0.231,15.024,multisession
9,3,0.194,5.458,multisession
10,3,0.302,15.532,multisession
9,4,0.203,5.712,multisession
10,4,0.196,16.169,multisession
9,5,0.255,10.998,multisession
10,5,0.247,30.116,multisession
9,6,0.265,10.348,multisession
10,6,0.309,30.34,multisession
9,7,0.264,10.425,multisession
10,7,0.254,30.651,multisession
9,8,0.251,10.997,multisession
10,8,0.343,31.307,multisession
9,9,0.332,15.26,multisession
10,9,0.398,44.587,multisession
9,10,0.337,15.772,multisession
10,10,0.37,45.296,multisession
2,20,0.393,1.139,multisession
3,20,0.424,1.321,multisession
4,20,0.437,1.581,multisession
5,20,0.481,2.003,multisession
6,20,0.492,3.12,multisession
7,20,0.541,5.33,multisession
8,20,0.572,10.791,multisession
9,20,0.628,26.249,multisession
10,20,0.6,77.267,multisession
2,50,0.911,3.024,multisession
3,50,1.064,3.189,multisession
4,50,1.127,3.811,multisession
5,50,1.239,5.156,multisession
6,50,1.317,9.068,multisession
7,50,1.344,13.74,multisession
8,50,1.398,27.983,multisession
9,50,1.515,69.435,multisession
10,50,1.51,226.028,multisession
2,100,1.861,5.787,multisession
3,100,1.979,6.316,multisession
4,100,2.035,7.693,multisession
5,100,2.31,9.709,multisession
6,100,2.332,15.713,multisession
7,100,2.419,31.408,multisession
8,100,3.553,55.887,multisession
9,100,2.784,135.291,multisession
10,100,2.894,402.777,multisession
11,1,0.198,NA,multisession
12,1,0.16,NA,multisession
13,1,0.137,NA,multisession
14,1,0.138,NA,multisession
15,1,0.147,NA,multisession
16,1,0.204,NA,multisession
17,1,0.149,NA,multisession
18,1,0.145,NA,multisession
19,1,0.203,NA,multisession
20,1,0.164,NA,multisession
21,1,0.166,NA,multisession
22,1,0.209,NA,multisession
23,1,0.172,NA,multisession
24,1,0.183,NA,multisession
25,1,0.187,NA,multisession
26,1,0.193,NA,multisession
27,1,0.208,NA,multisession
28,1,0.214,NA,multisession
29,1,0.208,NA,multisession
30,1,0.262,NA,multisession
31,1,0.223,NA,multisession
32,1,0.225,NA,multisession
33,1,0.225,NA,multisession
34,1,0.322,NA,multisession
35,1,0.282,NA,multisession
36,1,0.228,NA,multisession
37,1,0.234,NA,multisession
38,1,0.238,NA,multisession
39,1,0.243,NA,multisession
40,1,0.255,NA,multisession
41,1,0.263,NA,multisession
42,1,0.263,NA,multisession
43,1,0.263,NA,multisession
44,1,0.292,NA,multisession
45,1,0.334,NA,multisession
46,1,0.274,NA,multisession
47,1,0.285,NA,multisession
48,1,0.291,NA,multisession
49,1,0.335,NA,multisession
50,1,0.308,NA,multisession
51,1,0.364,NA,multisession
52,1,0.315,NA,multisession
53,1,0.314,NA,multisession
54,1,0.366,NA,multisession
55,1,0.384,NA,multisession
56,1,0.336,NA,multisession
57,1,0.355,NA,multisession
58,1,0.367,NA,multisession
59,1,0.355,NA,multisession
60,1,0.361,NA,multisession
61,1,0.382,NA,multisession
62,1,0.362,NA,multisession
63,1,0.459,NA,multisession
64,1,0.363,NA,multisession
65,1,0.464,NA,multisession
66,1,0.376,NA,multisession
67,1,0.389,NA,multisession
68,1,0.39,NA,multisession
69,1,0.39,NA,multisession
70,1,0.432,NA,multisession
71,1,0.414,NA,multisession
72,1,0.459,NA,multisession
73,1,0.417,NA,multisession
74,1,0.42,NA,multisession
75,1,0.431,NA,multisession
76,1,0.426,NA,multisession
77,1,0.47,NA,multisession
78,1,0.453,NA,multisession
79,1,0.493,NA,multisession
80,1,0.45,NA,multisession
81,1,0.488,NA,multisession
82,1,0.488,NA,multisession
83,1,0.516,NA,multisession
84,1,0.489,NA,multisession
85,1,0.481,NA,multisession
86,1,0.472,NA,multisession
87,1,0.521,NA,multisession
88,1,0.487,NA,multisession
89,1,0.508,NA,multisession
90,1,0.518,NA,multisession
91,1,0.511,NA,multisession
92,1,0.517,NA,multisession
93,1,0.565,NA,multisession
94,1,0.523,NA,multisession
95,1,0.543,NA,multisession
96,1,0.541,NA,multisession
97,1,0.586,NA,multisession
98,1,0.563,NA,multisession
99,1,0.549,NA,multisession
100,1,0.638,NA,multisession
11,2,0.186,NA,multisession
12,2,0.149,NA,multisession
13,2,0.136,NA,multisession
14,2,0.161,NA,multisession
15,2,0.203,NA,multisession
16,2,0.166,NA,multisession
17,2,0.168,NA,multisession
18,2,0.212,NA,multisession
19,2,0.166,NA,multisession
20,2,0.176,NA,multisession
21,2,0.22,NA,multisession
22,2,0.247,NA,multisession
23,2,0.215,NA,multisession
24,2,0.248,NA,multisession
25,2,0.208,NA,multisession
26,2,0.215,NA,multisession
27,2,0.219,NA,multisession
28,2,0.251,NA,multisession
29,2,0.233,NA,multisession
30,2,0.244,NA,multisession
31,2,0.243,NA,multisession
32,2,0.248,NA,multisession
33,2,0.249,NA,multisession
34,2,0.4,NA,multisession
35,2,0.25,NA,multisession
36,2,0.296,NA,multisession
37,2,0.27,NA,multisession
38,2,0.308,NA,multisession
39,2,0.282,NA,multisession
40,2,0.296,NA,multisession
41,2,0.284,NA,multisession
42,2,0.285,NA,multisession
43,2,0.355,NA,multisession
44,2,0.307,NA,multisession
45,2,0.358,NA,multisession
46,2,0.322,NA,multisession
47,2,0.368,NA,multisession
48,2,0.321,NA,multisession
49,2,0.407,NA,multisession
50,2,0.384,NA,multisession
51,2,0.377,NA,multisession
52,2,0.335,NA,multisession
53,2,0.398,NA,multisession
54,2,0.356,NA,multisession
55,2,0.406,NA,multisession
56,2,0.359,NA,multisession
57,2,0.369,NA,multisession
58,2,0.407,NA,multisession
59,2,0.502,NA,multisession
60,2,0.446,NA,multisession
61,2,0.392,NA,multisession
62,2,0.411,NA,multisession
63,2,0.476,NA,multisession
64,2,0.484,NA,multisession
65,2,0.446,NA,multisession
66,2,0.42,NA,multisession
67,2,0.426,NA,multisession
68,2,0.446,NA,multisession
69,2,0.486,NA,multisession
70,2,0.519,NA,multisession
71,2,0.471,NA,multisession
72,2,0.627,NA,multisession
73,2,0.715,NA,multisession
74,2,0.639,NA,multisession
75,2,0.537,NA,multisession
76,2,0.526,NA,multisession
77,2,0.513,NA,multisession
78,2,0.521,NA,multisession
79,2,0.597,NA,multisession
80,2,0.598,NA,multisession
81,2,0.548,NA,multisession
82,2,0.505,NA,multisession
83,2,0.519,NA,multisession
84,2,0.561,NA,multisession
85,2,0.549,NA,multisession
86,2,0.518,NA,multisession
87,2,0.513,NA,multisession
88,2,0.557,NA,multisession
89,2,0.55,NA,multisession
90,2,0.553,NA,multisession
91,2,0.637,NA,multisession
92,2,0.625,NA,multisession
93,2,0.55,NA,multisession
94,2,0.584,NA,multisession
95,2,0.635,NA,multisession
96,2,0.606,NA,multisession
97,2,0.593,NA,multisession
98,2,0.596,NA,multisession
99,2,0.657,NA,multisession
100,2,0.63,NA,multisession
11,3,0.194,NA,multisession
12,3,0.215,NA,multisession
13,3,0.209,NA,multisession
14,3,0.172,NA,multisession
15,3,0.24,NA,multisession
16,3,0.173,NA,multisession
17,3,0.215,NA,multisession
18,3,0.174,NA,multisession
19,3,0.199,NA,multisession
20,3,0.225,NA,multisession
21,3,0.213,NA,multisession
22,3,0.212,NA,multisession
23,3,0.242,NA,multisession
24,3,0.252,NA,multisession
25,3,0.223,NA,multisession
26,3,0.224,NA,multisession
27,3,0.232,NA,multisession
28,3,0.275,NA,multisession
29,3,0.256,NA,multisession
30,3,0.263,NA,multisession
31,3,0.289,NA,multisession
32,3,0.272,NA,multisession
33,3,0.313,NA,multisession
34,3,0.322,NA,multisession
35,3,0.326,NA,multisession
36,3,0.297,NA,multisession
37,3,0.301,NA,multisession
38,3,0.415,NA,multisession
39,3,0.301,NA,multisession
40,3,0.306,NA,multisession
41,3,0.325,NA,multisession
42,3,0.328,NA,multisession
43,3,0.335,NA,multisession
44,3,0.395,NA,multisession
45,3,0.323,NA,multisession
46,3,0.354,NA,multisession
47,3,0.362,NA,multisession
48,3,0.341,NA,multisession
49,3,0.388,NA,multisession
50,3,0.374,NA,multisession
51,3,0.46,NA,multisession
52,3,0.371,NA,multisession
53,3,0.504,NA,multisession
54,3,0.372,NA,multisession
55,3,0.396,NA,multisession
56,3,0.42,NA,multisession
57,3,0.471,NA,multisession
58,3,0.412,NA,multisession
59,3,0.421,NA,multisession
60,3,0.434,NA,multisession
61,3,0.425,NA,multisession
62,3,0.428,NA,multisession
63,3,0.502,NA,multisession
64,3,0.423,NA,multisession
65,3,0.43,NA,multisession
66,3,0.485,NA,multisession
67,3,0.431,NA,multisession
68,3,0.479,NA,multisession
69,3,0.46,NA,multisession
70,3,0.47,NA,multisession
71,3,0.47,NA,multisession
72,3,0.469,NA,multisession
73,3,0.482,NA,multisession
74,3,0.473,NA,multisession
75,3,0.477,NA,multisession
76,3,0.523,NA,multisession
77,3,0.526,NA,multisession
78,3,0.511,NA,multisession
79,3,0.514,NA,multisession
80,3,0.522,NA,multisession
81,3,0.532,NA,multisession
82,3,0.529,NA,multisession
83,3,0.626,NA,multisession
84,3,0.527,NA,multisession
85,3,0.531,NA,multisession
86,3,0.634,NA,multisession
87,3,0.564,NA,multisession
88,3,0.533,NA,multisession
89,3,0.566,NA,multisession
90,3,0.592,NA,multisession
91,3,0.565,NA,multisession
92,3,0.579,NA,multisession
93,3,0.64,NA,multisession
94,3,0.587,NA,multisession
95,3,0.636,NA,multisession
96,3,0.609,NA,multisession
97,3,0.614,NA,multisession
98,3,0.636,NA,multisession
99,3,0.66,NA,multisession
100,3,0.661,NA,multisession
11,4,0.223,NA,multisession
12,4,0.217,NA,multisession
13,4,0.155,NA,multisession
14,4,0.16,NA,multisession
15,4,0.193,NA,multisession
16,4,0.184,NA,multisession
17,4,0.189,NA,multisession
18,4,0.206,NA,multisession
19,4,0.201,NA,multisession
20,4,0.249,NA,multisession
21,4,0.252,NA,multisession
22,4,0.215,NA,multisession
23,4,0.21,NA,multisession
24,4,0.221,NA,multisession
25,4,0.23,NA,multisession
26,4,0.255,NA,multisession
27,4,0.272,NA,multisession
28,4,0.264,NA,multisession
29,4,0.41,NA,multisession
30,4,0.255,NA,multisession
31,4,0.311,NA,multisession
32,4,0.294,NA,multisession
33,4,0.274,NA,multisession
34,4,0.274,NA,multisession
35,4,0.315,NA,multisession
36,4,0.289,NA,multisession
37,4,0.306,NA,multisession
38,4,0.307,NA,multisession
39,4,0.352,NA,multisession
40,4,0.358,NA,multisession
41,4,0.324,NA,multisession
42,4,0.408,NA,multisession
43,4,0.391,NA,multisession
44,4,0.339,NA,multisession
45,4,0.364,NA,multisession
46,4,0.347,NA,multisession
47,4,0.372,NA,multisession
48,4,0.371,NA,multisession
49,4,0.378,NA,multisession
50,4,0.372,NA,multisession
51,4,0.429,NA,multisession
52,4,0.589,NA,multisession
53,4,0.392,NA,multisession
54,4,0.438,NA,multisession
55,4,0.436,NA,multisession
56,4,0.54,NA,multisession
57,4,0.448,NA,multisession
58,4,0.405,NA,multisession
59,4,0.433,NA,multisession
60,4,0.441,NA,multisession
61,4,0.522,NA,multisession
62,4,0.45,NA,multisession
63,4,0.502,NA,multisession
64,4,0.528,NA,multisession
65,4,0.499,NA,multisession
66,4,0.484,NA,multisession
67,4,0.514,NA,multisession
68,4,0.524,NA,multisession
69,4,0.489,NA,multisession
70,4,0.505,NA,multisession
71,4,0.495,NA,multisession
72,4,0.502,NA,multisession
73,4,0.509,NA,multisession
74,4,0.558,NA,multisession
75,4,0.515,NA,multisession
76,4,0.613,NA,multisession
77,4,0.638,NA,multisession
78,4,0.638,NA,multisession
79,4,0.597,NA,multisession
80,4,0.605,NA,multisession
81,4,0.604,NA,multisession
82,4,0.578,NA,multisession
83,4,0.751,NA,multisession
84,4,0.604,NA,multisession
85,4,0.573,NA,multisession
86,4,0.587,NA,multisession
87,4,0.605,NA,multisession
88,4,0.645,NA,multisession
89,4,0.596,NA,multisession
90,4,0.66,NA,multisession
91,4,0.63,NA,multisession
92,4,0.685,NA,multisession
93,4,0.635,NA,multisession
94,4,0.637,NA,multisession
95,4,0.644,NA,multisession
96,4,0.725,NA,multisession
97,4,0.667,NA,multisession
98,4,0.643,NA,multisession
99,4,0.669,NA,multisession
100,4,0.738,NA,multisession
11,5,0.255,NA,multisession
12,5,0.253,NA,multisession
13,5,0.317,NA,multisession
14,5,0.278,NA,multisession
15,5,0.297,NA,multisession
16,5,0.294,NA,multisession
17,5,0.333,NA,multisession
18,5,0.328,NA,multisession
19,5,0.35,NA,multisession
20,5,0.346,NA,multisession
21,5,0.376,NA,multisession
22,5,0.363,NA,multisession
23,5,0.4,NA,multisession
24,5,0.39,NA,multisession
25,5,0.412,NA,multisession
26,5,0.443,NA,multisession
27,5,0.458,NA,multisession
28,5,0.434,NA,multisession
29,5,0.483,NA,multisession
30,5,0.478,NA,multisession
31,5,0.561,NA,multisession
32,5,0.462,NA,multisession
33,5,0.525,NA,multisession
34,5,0.515,NA,multisession
35,5,0.533,NA,multisession
36,5,0.544,NA,multisession
37,5,0.542,NA,multisession
38,5,0.54,NA,multisession
39,5,0.613,NA,multisession
40,5,0.559,NA,multisession
41,5,0.578,NA,multisession
42,5,0.6,NA,multisession
43,5,0.636,NA,multisession
44,5,0.629,NA,multisession
45,5,0.617,NA,multisession
46,5,0.633,NA,multisession
47,5,0.675,NA,multisession
48,5,0.744,NA,multisession
49,5,0.644,NA,multisession
50,5,0.648,NA,multisession
51,5,0.669,NA,multisession
52,5,0.677,NA,multisession
53,5,0.738,NA,multisession
54,5,0.732,NA,multisession
55,5,0.746,NA,multisession
56,5,0.77,NA,multisession
57,5,0.8,NA,multisession
58,5,0.752,NA,multisession
59,5,0.768,NA,multisession
60,5,0.766,NA,multisession
61,5,0.804,NA,multisession
62,5,0.842,NA,multisession
63,5,0.787,NA,multisession
64,5,0.806,NA,multisession
65,5,0.832,NA,multisession
66,5,0.912,NA,multisession
67,5,0.873,NA,multisession
68,5,0.882,NA,multisession
69,5,0.894,NA,multisession
70,5,0.894,NA,multisession
71,5,1.079,NA,multisession
72,5,0.961,NA,multisession
73,5,1.003,NA,multisession
74,5,0.927,NA,multisession
75,5,0.93,NA,multisession
76,5,1.011,NA,multisession
77,5,0.976,NA,multisession
78,5,0.946,NA,multisession
79,5,1.059,NA,multisession
80,5,1.068,NA,multisession
81,5,1.072,NA,multisession
82,5,1.027,NA,multisession
83,5,1.062,NA,multisession
84,5,1.006,NA,multisession
85,5,1.027,NA,multisession
86,5,1.078,NA,multisession
87,5,1.083,NA,multisession
88,5,1.089,NA,multisession
89,5,1.193,NA,multisession
90,5,1.135,NA,multisession
91,5,1.105,NA,multisession
92,5,1.28,NA,multisession
93,5,1.735,NA,multisession
94,5,1.148,NA,multisession
95,5,1.226,NA,multisession
96,5,1.237,NA,multisession
97,5,1.192,NA,multisession
98,5,1.299,NA,multisession
99,5,1.594,NA,multisession
100,5,1.29,NA,multisession
11,6,0.259,NA,multisession
12,6,0.263,NA,multisession
13,6,0.31,NA,multisession
14,6,0.292,NA,multisession
15,6,0.311,NA,multisession
16,6,0.307,NA,multisession
17,6,0.325,NA,multisession
18,6,0.328,NA,multisession
19,6,0.344,NA,multisession
20,6,0.362,NA,multisession
21,6,0.542,NA,multisession
22,6,0.372,NA,multisession
23,6,0.443,NA,multisession
24,6,0.407,NA,multisession
25,6,0.417,NA,multisession
26,6,0.425,NA,multisession
27,6,0.461,NA,multisession
28,6,0.491,NA,multisession
29,6,0.545,NA,multisession
30,6,0.466,NA,multisession
31,6,0.575,NA,multisession
32,6,0.715,NA,multisession
33,6,0.64,NA,multisession
34,6,0.743,NA,multisession
35,6,0.542,NA,multisession
36,6,0.57,NA,multisession
37,6,0.562,NA,multisession
38,6,0.544,NA,multisession
39,6,0.56,NA,multisession
40,6,0.606,NA,multisession
41,6,0.598,NA,multisession
42,6,0.6,NA,multisession
43,6,0.61,NA,multisession
44,6,0.65,NA,multisession
45,6,0.653,NA,multisession
46,6,0.656,NA,multisession
47,6,0.699,NA,multisession
48,6,0.679,NA,multisession
49,6,0.879,NA,multisession
50,6,0.703,NA,multisession
51,6,0.752,NA,multisession
52,6,0.727,NA,multisession
53,6,0.694,NA,multisession
54,6,0.752,NA,multisession
55,6,0.749,NA,multisession
56,6,0.77,NA,multisession
57,6,0.779,NA,multisession
58,6,0.77,NA,multisession
59,6,0.816,NA,multisession
60,6,0.801,NA,multisession
61,6,1.024,NA,multisession
62,6,0.852,NA,multisession
63,6,1.076,NA,multisession
64,6,0.902,NA,multisession
65,6,1.001,NA,multisession
66,6,0.866,NA,multisession
67,6,0.901,NA,multisession
68,6,0.891,NA,multisession
69,6,0.95,NA,multisession
70,6,0.911,NA,multisession
71,6,0.955,NA,multisession
72,6,0.957,NA,multisession
73,6,0.998,NA,multisession
74,6,0.945,NA,multisession
75,6,0.992,NA,multisession
76,6,0.958,NA,multisession
77,6,1.024,NA,multisession
78,6,1.044,NA,multisession
79,6,0.983,NA,multisession
80,6,1.063,NA,multisession
81,6,1.034,NA,multisession
82,6,1.064,NA,multisession
83,6,1.126,NA,multisession
84,6,1.094,NA,multisession
85,6,1.072,NA,multisession
86,6,1.097,NA,multisession
87,6,1.14,NA,multisession
88,6,1.098,NA,multisession
89,6,1.124,NA,multisession
90,6,1.127,NA,multisession
91,6,1.133,NA,multisession
92,6,1.227,NA,multisession
93,6,1.43,NA,multisession
94,6,1.23,NA,multisession
95,6,1.235,NA,multisession
96,6,1.377,NA,multisession
97,6,1.24,NA,multisession
98,6,1.248,NA,multisession
99,6,1.35,NA,multisession
100,6,1.307,NA,multisession
11,7,0.252,NA,multisession
12,7,0.331,NA,multisession
13,7,0.289,NA,multisession
14,7,0.335,NA,multisession
15,7,0.306,NA,multisession
16,7,0.337,NA,multisession
17,7,0.32,NA,multisession
18,7,0.343,NA,multisession
19,7,0.36,NA,multisession
20,7,0.445,NA,multisession
21,7,0.376,NA,multisession
22,7,0.38,NA,multisession
23,7,0.405,NA,multisession
24,7,0.414,NA,multisession
25,7,0.471,NA,multisession
26,7,0.426,NA,multisession
27,7,0.476,NA,multisession
28,7,0.465,NA,multisession
29,7,0.47,NA,multisession
30,7,0.475,NA,multisession
31,7,0.486,NA,multisession
32,7,0.493,NA,multisession
33,7,0.547,NA,multisession
34,7,0.526,NA,multisession
35,7,0.54,NA,multisession
36,7,0.701,NA,multisession
37,7,0.569,NA,multisession
38,7,0.569,NA,multisession
39,7,0.579,NA,multisession
40,7,0.607,NA,multisession
41,7,0.599,NA,multisession
42,7,0.645,NA,multisession
43,7,0.63,NA,multisession
44,7,0.709,NA,multisession
45,7,0.682,NA,multisession
46,7,0.65,NA,multisession
47,7,0.705,NA,multisession
48,7,0.801,NA,multisession
49,7,0.708,NA,multisession
50,7,0.762,NA,multisession
51,7,0.96,NA,multisession
52,7,0.883,NA,multisession
53,7,0.801,NA,multisession
54,7,0.772,NA,multisession
55,7,0.782,NA,multisession
56,7,0.787,NA,multisession
57,7,0.812,NA,multisession
58,7,0.842,NA,multisession
59,7,0.855,NA,multisession
60,7,0.85,NA,multisession
61,7,0.856,NA,multisession
62,7,0.88,NA,multisession
63,7,0.87,NA,multisession
64,7,0.938,NA,multisession
65,7,0.945,NA,multisession
66,7,0.892,NA,multisession
67,7,0.914,NA,multisession
68,7,0.92,NA,multisession
69,7,1.039,NA,multisession
70,7,1.103,NA,multisession
71,7,0.984,NA,multisession
72,7,0.974,NA,multisession
73,7,0.981,NA,multisession
74,7,1.026,NA,multisession
75,7,1.023,NA,multisession
76,7,1.049,NA,multisession
77,7,1.092,NA,multisession
78,7,1.078,NA,multisession
79,7,1.055,NA,multisession
80,7,1.119,NA,multisession
81,7,1.158,NA,multisession
82,7,1.199,NA,multisession
83,7,1.091,NA,multisession
84,7,1.145,NA,multisession
85,7,1.104,NA,multisession
86,7,1.15,NA,multisession
87,7,1.119,NA,multisession
88,7,1.158,NA,multisession
89,7,1.15,NA,multisession
90,7,1.18,NA,multisession
91,7,1.191,NA,multisession
92,7,1.167,NA,multisession
93,7,1.226,NA,multisession
94,7,1.241,NA,multisession
95,7,1.207,NA,multisession
96,7,1.202,NA,multisession
97,7,1.27,NA,multisession
98,7,1.283,NA,multisession
99,7,1.279,NA,multisession
100,7,1.308,NA,multisession
11,8,0.325,NA,multisession
12,8,0.276,NA,multisession
13,8,0.383,NA,multisession
14,8,0.372,NA,multisession
15,8,0.363,NA,multisession
16,8,0.332,NA,multisession
17,8,0.344,NA,multisession
18,8,0.376,NA,multisession
19,8,0.372,NA,multisession
20,8,0.426,NA,multisession
21,8,0.383,NA,multisession
22,8,0.407,NA,multisession
23,8,0.406,NA,multisession
24,8,0.415,NA,multisession
25,8,0.412,NA,multisession
26,8,0.505,NA,multisession
27,8,0.46,NA,multisession
28,8,0.463,NA,multisession
29,8,0.809,NA,multisession
30,8,0.624,NA,multisession
31,8,0.516,NA,multisession
32,8,0.544,NA,multisession
33,8,0.581,NA,multisession
34,8,0.569,NA,multisession
35,8,0.574,NA,multisession
36,8,0.599,NA,multisession
37,8,0.582,NA,multisession
38,8,0.864,NA,multisession
39,8,0.586,NA,multisession
40,8,0.6,NA,multisession
41,8,0.667,NA,multisession
42,8,0.625,NA,multisession
43,8,0.694,NA,multisession
44,8,0.689,NA,multisession
45,8,0.665,NA,multisession
46,8,0.704,NA,multisession
47,8,0.715,NA,multisession
48,8,0.737,NA,multisession
49,8,0.747,NA,multisession
50,8,0.731,NA,multisession
51,8,0.944,NA,multisession
52,8,0.825,NA,multisession
53,8,0.821,NA,multisession
54,8,0.776,NA,multisession
55,8,0.78,NA,multisession
56,8,0.85,NA,multisession
57,8,0.806,NA,multisession
58,8,0.815,NA,multisession
59,8,0.832,NA,multisession
60,8,0.841,NA,multisession
61,8,0.915,NA,multisession
62,8,0.938,NA,multisession
63,8,0.893,NA,multisession
64,8,0.934,NA,multisession
65,8,0.912,NA,multisession
66,8,0.955,NA,multisession
67,8,1.076,NA,multisession
68,8,1.035,NA,multisession
69,8,1.075,NA,multisession
70,8,1.036,NA,multisession
71,8,1.028,NA,multisession
72,8,1.012,NA,multisession
73,8,1.048,NA,multisession
74,8,1.049,NA,multisession
75,8,1.045,NA,multisession
76,8,1.084,NA,multisession
77,8,1.035,NA,multisession
78,8,1.057,NA,multisession
79,8,1.118,NA,multisession
80,8,1.082,NA,multisession
81,8,1.083,NA,multisession
82,8,1.192,NA,multisession
83,8,1.126,NA,multisession
84,8,1.152,NA,multisession
85,8,1.133,NA,multisession
86,8,1.177,NA,multisession
87,8,1.219,NA,multisession
88,8,1.157,NA,multisession
89,8,1.22,NA,multisession
90,8,1.267,NA,multisession
91,8,1.275,NA,multisession
92,8,1.181,NA,multisession
93,8,1.235,NA,multisession
94,8,1.27,NA,multisession
95,8,1.217,NA,multisession
96,8,1.232,NA,multisession
97,8,1.291,NA,multisession
98,8,1.267,NA,multisession
99,8,1.306,NA,multisession
100,8,1.301,NA,multisession
11,9,0.374,NA,multisession
12,9,0.403,NA,multisession
13,9,0.395,NA,multisession
14,9,0.425,NA,multisession
15,9,0.43,NA,multisession
16,9,0.522,NA,multisession
17,9,0.486,NA,multisession
18,9,0.466,NA,multisession
19,9,0.494,NA,multisession
20,9,0.515,NA,multisession
21,9,0.561,NA,multisession
22,9,0.547,NA,multisession
23,9,0.635,NA,multisession
24,9,0.591,NA,multisession
25,9,0.635,NA,multisession
26,9,0.616,NA,multisession
27,9,0.639,NA,multisession
28,9,0.667,NA,multisession
29,9,0.658,NA,multisession
30,9,0.68,NA,multisession
31,9,0.738,NA,multisession
32,9,0.755,NA,multisession
33,9,0.785,NA,multisession
34,9,0.734,NA,multisession
35,9,0.758,NA,multisession
36,9,0.777,NA,multisession
37,9,0.796,NA,multisession
38,9,0.806,NA,multisession
39,9,0.857,NA,multisession
40,9,0.871,NA,multisession
41,9,0.878,NA,multisession
42,9,0.895,NA,multisession
43,9,0.901,NA,multisession
44,9,0.95,NA,multisession
45,9,0.983,NA,multisession
46,9,0.921,NA,multisession
47,9,0.99,NA,multisession
48,9,0.993,NA,multisession
49,9,0.986,NA,multisession
50,9,1.005,NA,multisession
51,9,1.027,NA,multisession
52,9,1.044,NA,multisession
53,9,1.059,NA,multisession
54,9,1.17,NA,multisession
55,9,1.081,NA,multisession
56,9,1.086,NA,multisession
57,9,1.161,NA,multisession
58,9,1.135,NA,multisession
59,9,1.146,NA,multisession
60,9,1.186,NA,multisession
61,9,1.194,NA,multisession
62,9,1.202,NA,multisession
63,9,1.293,NA,multisession
64,9,1.259,NA,multisession
65,9,1.248,NA,multisession
66,9,1.274,NA,multisession
67,9,1.285,NA,multisession
68,9,1.331,NA,multisession
69,9,1.342,NA,multisession
70,9,1.377,NA,multisession
71,9,1.348,NA,multisession
72,9,1.357,NA,multisession
73,9,1.396,NA,multisession
74,9,1.436,NA,multisession
75,9,1.434,NA,multisession
76,9,1.445,NA,multisession
77,9,1.552,NA,multisession
78,9,1.5,NA,multisession
79,9,1.496,NA,multisession
80,9,1.517,NA,multisession
81,9,1.536,NA,multisession
82,9,1.531,NA,multisession
83,9,1.593,NA,multisession
84,9,1.557,NA,multisession
85,9,1.898,NA,multisession
86,9,1.592,NA,multisession
87,9,1.582,NA,multisession
88,9,1.62,NA,multisession
89,9,1.706,NA,multisession
90,9,1.63,NA,multisession
91,9,1.846,NA,multisession
92,9,1.681,NA,multisession
93,9,1.835,NA,multisession
94,9,1.793,NA,multisession
95,9,1.861,NA,multisession
96,9,1.721,NA,multisession
97,9,1.76,NA,multisession
98,9,1.771,NA,multisession
99,9,1.808,NA,multisession
100,9,1.88,NA,multisession
11,10,0.423,NA,multisession
12,10,0.431,NA,multisession
13,10,0.392,NA,multisession
14,10,0.459,NA,multisession
15,10,0.433,NA,multisession
16,10,0.456,NA,multisession
17,10,0.47,NA,multisession
18,10,0.492,NA,multisession
19,10,0.504,NA,multisession
20,10,0.53,NA,multisession
21,10,0.549,NA,multisession
22,10,0.661,NA,multisession
23,10,0.662,NA,multisession
24,10,0.736,NA,multisession
25,10,0.716,NA,multisession
26,10,0.657,NA,multisession
27,10,0.686,NA,multisession
28,10,0.723,NA,multisession
29,10,0.684,NA,multisession
30,10,0.781,NA,multisession
31,10,0.74,NA,multisession
32,10,0.714,NA,multisession
33,10,0.802,NA,multisession
34,10,0.905,NA,multisession
35,10,0.804,NA,multisession
36,10,0.815,NA,multisession
37,10,0.847,NA,multisession
38,10,0.874,NA,multisession
39,10,0.902,NA,multisession
40,10,0.9,NA,multisession
41,10,0.936,NA,multisession
42,10,0.937,NA,multisession
43,10,0.895,NA,multisession
44,10,0.917,NA,multisession
45,10,0.93,NA,multisession
46,10,0.939,NA,multisession
47,10,0.978,NA,multisession
48,10,0.968,NA,multisession
49,10,1.035,NA,multisession
50,10,1.04,NA,multisession
51,10,1.07,NA,multisession
52,10,1.112,NA,multisession
53,10,1.035,NA,multisession
54,10,1.077,NA,multisession
55,10,1.117,NA,multisession
56,10,1.133,NA,multisession
57,10,1.24,NA,multisession
58,10,1.19,NA,multisession
59,10,1.227,NA,multisession
60,10,1.243,NA,multisession
61,10,1.292,NA,multisession
62,10,1.201,NA,multisession
63,10,1.242,NA,multisession
64,10,1.238,NA,multisession
65,10,1.258,NA,multisession
66,10,1.308,NA,multisession
67,10,1.3,NA,multisession
68,10,1.366,NA,multisession
69,10,1.368,NA,multisession
70,10,1.472,NA,multisession
71,10,1.397,NA,multisession
72,10,1.482,NA,multisession
73,10,1.4,NA,multisession
74,10,1.728,NA,multisession
75,10,1.537,NA,multisession
76,10,1.491,NA,multisession
77,10,1.47,NA,multisession
78,10,1.49,NA,multisession
79,10,1.524,NA,multisession
80,10,1.539,NA,multisession
81,10,1.862,NA,multisession
82,10,1.693,NA,multisession
83,10,1.74,NA,multisession
84,10,1.611,NA,multisession
85,10,1.919,NA,multisession
86,10,1.672,NA,multisession
87,10,2.069,NA,multisession
88,10,2.06,NA,multisession
89,10,1.758,NA,multisession
90,10,1.775,NA,multisession
91,10,1.719,NA,multisession
92,10,1.84,NA,multisession
93,10,1.793,NA,multisession
94,10,1.809,NA,multisession
95,10,2.014,NA,multisession
96,10,2.096,NA,multisession
97,10,1.814,NA,multisession
98,10,2.092,NA,multisession
99,10,2.043,NA,multisession
100,10,2.258,NA,multisession
11,20,0.694,NA,multisession
12,20,0.918,NA,multisession
13,20,0.779,NA,multisession
14,20,0.782,NA,multisession
15,20,0.858,NA,multisession
16,20,0.93,NA,multisession
17,20,0.904,NA,multisession
18,20,0.934,NA,multisession
19,20,0.95,NA,multisession
20,20,0.923,NA,multisession
21,20,1.172,NA,multisession
22,20,1.021,NA,multisession
23,20,1.023,NA,multisession
24,20,1.249,NA,multisession
25,20,1.076,NA,multisession
26,20,1.135,NA,multisession
27,20,1.103,NA,multisession
28,20,1.193,NA,multisession
29,20,1.336,NA,multisession
30,20,1.182,NA,multisession
31,20,1.266,NA,multisession
32,20,1.224,NA,multisession
33,20,1.312,NA,multisession
34,20,1.324,NA,multisession
35,20,1.546,NA,multisession
36,20,1.416,NA,multisession
37,20,1.386,NA,multisession
38,20,1.468,NA,multisession
39,20,1.657,NA,multisession
40,20,1.551,NA,multisession
41,20,1.541,NA,multisession
42,20,1.803,NA,multisession
43,20,1.647,NA,multisession
44,20,1.772,NA,multisession
45,20,1.666,NA,multisession
46,20,1.654,NA,multisession
47,20,1.695,NA,multisession
48,20,1.812,NA,multisession
49,20,1.914,NA,multisession
50,20,1.801,NA,multisession
51,20,2.014,NA,multisession
52,20,2.029,NA,multisession
53,20,2.037,NA,multisession
54,20,2.172,NA,multisession
55,20,2.125,NA,multisession
56,20,2.242,NA,multisession
57,20,2.327,NA,multisession
58,20,2.292,NA,multisession
59,20,2.284,NA,multisession
60,20,2.052,NA,multisession
61,20,2.037,NA,multisession
62,20,2.162,NA,multisession
63,20,2.221,NA,multisession
64,20,2.128,NA,multisession
65,20,2.12,NA,multisession
66,20,2.192,NA,multisession
67,20,2.515,NA,multisession
68,20,2.318,NA,multisession
69,20,2.501,NA,multisession
70,20,2.29,NA,multisession
71,20,2.364,NA,multisession
72,20,2.399,NA,multisession
73,20,2.386,NA,multisession
74,20,2.38,NA,multisession
75,20,2.637,NA,multisession
76,20,2.607,NA,multisession
77,20,2.493,NA,multisession
78,20,2.771,NA,multisession
79,20,2.563,NA,multisession
80,20,2.627,NA,multisession
81,20,2.571,NA,multisession
82,20,2.598,NA,multisession
83,20,2.915,NA,multisession
84,20,2.983,NA,multisession
85,20,2.702,NA,multisession
86,20,2.934,NA,multisession
87,20,2.836,NA,multisession
88,20,2.839,NA,multisession
89,20,3.131,NA,multisession
90,20,2.942,NA,multisession
91,20,2.951,NA,multisession
92,20,2.865,NA,multisession
93,20,2.913,NA,multisession
94,20,2.935,NA,multisession
95,20,2.96,NA,multisession
96,20,3.017,NA,multisession
97,20,3.136,NA,multisession
98,20,3.022,NA,multisession
99,20,3.042,NA,multisession
100,20,3.208,NA,multisession
11,50,1.657,NA,multisession
12,50,1.654,NA,multisession
13,50,1.724,NA,multisession
14,50,2.102,NA,multisession
15,50,1.946,NA,multisession
16,50,2.011,NA,multisession
17,50,2.103,NA,multisession
18,50,2.29,NA,multisession
19,50,2.272,NA,multisession
20,50,2.301,NA,multisession
21,50,2.371,NA,multisession
22,50,2.535,NA,multisession
23,50,2.736,NA,multisession
24,50,2.813,NA,multisession
25,50,2.77,NA,multisession
26,50,2.691,NA,multisession
27,50,2.705,NA,multisession
28,50,2.766,NA,multisession
29,50,2.857,NA,multisession
30,50,3.048,NA,multisession
31,50,2.986,NA,multisession
32,50,3.151,NA,multisession
33,50,3.411,NA,multisession
34,50,3.42,NA,multisession
35,50,3.498,NA,multisession
36,50,3.411,NA,multisession
37,50,3.601,NA,multisession
38,50,3.726,NA,multisession
39,50,4.002,NA,multisession
40,50,3.89,NA,multisession
41,50,3.872,NA,multisession
42,50,4.017,NA,multisession
43,50,3.942,NA,multisession
44,50,3.98,NA,multisession
45,50,4.134,NA,multisession
46,50,4.699,NA,multisession
47,50,4.41,NA,multisession
48,50,4.627,NA,multisession
49,50,4.371,NA,multisession
50,50,4.497,NA,multisession
51,50,4.441,NA,multisession
52,50,4.677,NA,multisession
53,50,4.613,NA,multisession
54,50,4.82,NA,multisession
55,50,5.001,NA,multisession
56,50,4.726,NA,multisession
57,50,4.991,NA,multisession
58,50,5.041,NA,multisession
59,50,5.117,NA,multisession
60,50,5.126,NA,multisession
61,50,5.075,NA,multisession
62,50,5.893,NA,multisession
63,50,6.224,NA,multisession
64,50,5.498,NA,multisession
65,50,6.017,NA,multisession
66,50,5.569,NA,multisession
67,50,5.488,NA,multisession
68,50,5.619,NA,multisession
69,50,5.642,NA,multisession
70,50,5.673,NA,multisession
71,50,5.778,NA,multisession
72,50,5.805,NA,multisession
73,50,6.344,NA,multisession
74,50,6.641,NA,multisession
75,50,6.147,NA,multisession
76,50,6.173,NA,multisession
77,50,6.828,NA,multisession
78,50,6.715,NA,multisession
79,50,6.385,NA,multisession
80,50,6.472,NA,multisession
81,50,6.508,NA,multisession
82,50,7.225,NA,multisession
83,50,7.667,NA,multisession
84,50,7.335,NA,multisession
85,50,7.026,NA,multisession
86,50,7.335,NA,multisession
87,50,7.302,NA,multisession
88,50,7.55,NA,multisession
89,50,7.693,NA,multisession
90,50,8.165,NA,multisession
91,50,7.819,NA,multisession
92,50,7.397,NA,multisession
93,50,7.768,NA,multisession
94,50,7.509,NA,multisession
95,50,7.441,NA,multisession
96,50,7.55,NA,multisession
97,50,8.511,NA,multisession
98,50,7.89,NA,multisession
99,50,8.526,NA,multisession
100,50,9.536,NA,multisession
11,100,3.562,NA,multisession
12,100,3.409,NA,multisession
13,100,3.614,NA,multisession
14,100,3.516,NA,multisession
15,100,3.605,NA,multisession
16,100,3.835,NA,multisession
17,100,3.874,NA,multisession
18,100,4.127,NA,multisession
19,100,4.631,NA,multisession
20,100,4.324,NA,multisession
21,100,4.587,NA,multisession
22,100,4.539,NA,multisession
23,100,4.721,NA,multisession
24,100,4.846,NA,multisession
25,100,5.012,NA,multisession
26,100,5.229,NA,multisession
27,100,5.517,NA,multisession
28,100,5.399,NA,multisession
29,100,5.855,NA,multisession
30,100,5.766,NA,multisession
31,100,5.871,NA,multisession
32,100,6.456,NA,multisession
33,100,6.005,NA,multisession
34,100,6.426,NA,multisession
35,100,6.351,NA,multisession
36,100,6.685,NA,multisession
37,100,6.799,NA,multisession
38,100,6.923,NA,multisession
39,100,7.212,NA,multisession
40,100,7.019,NA,multisession
41,100,7.367,NA,multisession
42,100,7.211,NA,multisession
43,100,7.436,NA,multisession
44,100,7.838,NA,multisession
45,100,8.047,NA,multisession
46,100,7.996,NA,multisession
47,100,8.048,NA,multisession
48,100,8.066,NA,multisession
49,100,8.348,NA,multisession
50,100,9.122,NA,multisession
51,100,8.464,NA,multisession
52,100,8.6,NA,multisession
53,100,10.228,NA,multisession
54,100,8.937,NA,multisession
55,100,9.517,NA,multisession
56,100,9.205,NA,multisession
57,100,9.531,NA,multisession
58,100,9.525,NA,multisession
59,100,9.475,NA,multisession
60,100,9.658,NA,multisession
61,100,9.875,NA,multisession
62,100,9.88,NA,multisession
63,100,10.006,NA,multisession
64,100,10.221,NA,multisession
65,100,10.343,NA,multisession
66,100,10.751,NA,multisession
67,100,11.096,NA,multisession
68,100,11.838,NA,multisession
69,100,11.352,NA,multisession
70,100,10.935,NA,multisession
71,100,11.58,NA,multisession
72,100,11.699,NA,multisession
73,100,11.797,NA,multisession
74,100,12.126,NA,multisession
75,100,11.691,NA,multisession
76,100,12.477,NA,multisession
77,100,13.241,NA,multisession
78,100,12.525,NA,multisession
79,100,12.534,NA,multisession
80,100,12.404,NA,multisession
81,100,13.191,NA,multisession
82,100,12.853,NA,multisession
83,100,13.02,NA,multisession
84,100,13.096,NA,multisession
85,100,13.884,NA,multisession
86,100,13.781,NA,multisession
87,100,13.557,NA,multisession
88,100,13.874,NA,multisession
89,100,13.572,NA,multisession
90,100,13.915,NA,multisession
91,100,14.254,NA,multisession
92,100,14.243,NA,multisession
93,100,14.221,NA,multisession
94,100,14.413,NA,multisession
95,100,14.538,NA,multisession
96,100,15.123,NA,multisession
97,100,15.123,NA,multisession
98,100,15.179,NA,multisession
99,100,15.064,NA,multisession
100,100,15.201,NA,multisession
2,200,3.401,NA,multisession
3,200,3.75,NA,multisession
4,200,4.011,NA,multisession
5,200,4.306,NA,multisession
6,200,4.54,NA,multisession
7,200,4.907,NA,multisession
8,200,5.234,NA,multisession
9,200,5.428,NA,multisession
10,200,5.951,NA,multisession
11,200,6.039,NA,multisession
12,200,6.184,NA,multisession
13,200,6.44,NA,multisession
14,200,6.829,NA,multisession
15,200,7.126,NA,multisession
16,200,7.273,NA,multisession
17,200,7.823,NA,multisession
18,200,7.826,NA,multisession
19,200,8.269,NA,multisession
20,200,8.693,NA,multisession
21,200,8.641,NA,multisession
22,200,8.926,NA,multisession
23,200,9.162,NA,multisession
24,200,9.518,NA,multisession
25,200,9.768,NA,multisession
26,200,10.028,NA,multisession
27,200,10.391,NA,multisession
28,200,10.608,NA,multisession
29,200,10.748,NA,multisession
30,200,11.207,NA,multisession
31,200,11.792,NA,multisession
32,200,11.783,NA,multisession
33,200,12.464,NA,multisession
34,200,12.481,NA,multisession
35,200,12.918,NA,multisession
36,200,12.902,NA,multisession
37,200,13.073,NA,multisession
38,200,13.388,NA,multisession
39,200,14.234,NA,multisession
40,200,14.001,NA,multisession
41,200,14.763,NA,multisession
42,200,14.708,NA,multisession
43,200,16.892,NA,multisession
44,200,16.155,NA,multisession
45,200,15.514,NA,multisession
46,200,16.114,NA,multisession
47,200,16.275,NA,multisession
48,200,16.44,NA,multisession
49,200,17.379,NA,multisession
50,200,16.918,NA,multisession
51,200,17.739,NA,multisession
52,200,17.641,NA,multisession
53,200,17.842,NA,multisession
54,200,18.342,NA,multisession
55,200,18.853,NA,multisession
56,200,20.279,NA,multisession
57,200,18.872,NA,multisession
58,200,18.954,NA,multisession
59,200,19.098,NA,multisession
60,200,19.879,NA,multisession
61,200,19.735,NA,multisession
62,200,19.893,NA,multisession
63,200,20.722,NA,multisession
64,200,23.433,NA,multisession
65,200,22.04,NA,multisession
66,200,22.658,NA,multisession
67,200,21.262,NA,multisession
68,200,22.932,NA,multisession
69,200,23.878,NA,multisession
70,200,23.311,NA,multisession
71,200,23.069,NA,multisession
72,200,23.61,NA,multisession
73,200,23.625,NA,multisession
74,200,23.224,NA,multisession
75,200,23.959,NA,multisession
76,200,24.428,NA,multisession
77,200,24.702,NA,multisession
78,200,24.942,NA,multisession
79,200,25.983,NA,multisession
80,200,26.508,NA,multisession
81,200,26.279,NA,multisession
82,200,27.028,NA,multisession
83,200,26.897,NA,multisession
84,200,26.25,NA,multisession
85,200,27.843,NA,multisession
86,200,27.457,NA,multisession
87,200,27.564,NA,multisession
88,200,28.167,NA,multisession
89,200,27.903,NA,multisession
90,200,29.075,NA,multisession
91,200,28.5,NA,multisession
92,200,29.566,NA,multisession
93,200,29.617,NA,multisession
94,200,29.366,NA,multisession
95,200,29.486,NA,multisession
96,200,31.202,NA,multisession
97,200,31.863,NA,multisession
98,200,33.735,NA,multisession
99,200,31.209,NA,multisession
100,200,30.956,NA,multisession
2,500,8.766,NA,multisession
3,500,9.33,NA,multisession
4,500,10.417,NA,multisession
5,500,10.934,NA,multisession
6,500,11.56,NA,multisession
7,500,12.505,NA,multisession
8,500,13.125,NA,multisession
9,500,13.49,NA,multisession
10,500,14.036,NA,multisession
11,500,15.299,NA,multisession
12,500,18.244,NA,multisession
13,500,17.776,NA,multisession
14,500,17.298,NA,multisession
15,500,17.697,NA,multisession
16,500,18.867,NA,multisession
17,500,19.635,NA,multisession
18,500,20.694,NA,multisession
19,500,21.588,NA,multisession
20,500,21.581,NA,multisession
21,500,22.862,NA,multisession
22,500,23.186,NA,multisession
23,500,23.376,NA,multisession
24,500,24.425,NA,multisession
25,500,25.603,NA,multisession
26,500,26.524,NA,multisession
27,500,26.646,NA,multisession
28,500,28.755,NA,multisession
29,500,27.478,NA,multisession
30,500,28.465,NA,multisession
31,500,29.297,NA,multisession
32,500,30.338,NA,multisession
33,500,30.943,NA,multisession
34,500,31.277,NA,multisession
35,500,31.959,NA,multisession
36,500,33.056,NA,multisession
37,500,32.802,NA,multisession
38,500,33.449,NA,multisession
39,500,34.257,NA,multisession
40,500,35.098,NA,multisession
41,500,35.618,NA,multisession
42,500,36.25,NA,multisession
43,500,36.873,NA,multisession
44,500,37.755,NA,multisession
45,500,38.751,NA,multisession
46,500,39.007,NA,multisession
47,500,39.848,NA,multisession
48,500,40.387,NA,multisession
49,500,42.779,NA,multisession
50,500,45.523,NA,multisession
51,500,46.312,NA,multisession
52,500,44.184,NA,multisession
53,500,44.958,NA,multisession
54,500,45.667,NA,multisession
55,500,46.277,NA,multisession
56,500,46.804,NA,multisession
57,500,47.516,NA,multisession
58,500,48.308,NA,multisession
59,500,49.236,NA,multisession
60,500,49.727,NA,multisession
61,500,51.074,NA,multisession
62,500,51.268,NA,multisession
63,500,51.991,NA,multisession
64,500,52.876,NA,multisession
65,500,53.391,NA,multisession
66,500,54.255,NA,multisession
67,500,55.295,NA,multisession
68,500,55.369,NA,multisession
69,500,56.51,NA,multisession
70,500,57.054,NA,multisession
71,500,58.205,NA,multisession
72,500,58.939,NA,multisession
73,500,59.202,NA,multisession
74,500,65.321,NA,multisession
75,500,70.058,NA,multisession
76,500,64.711,NA,multisession
77,500,66.443,NA,multisession
78,500,66.096,NA,multisession
79,500,64.92,NA,multisession
80,500,65.982,NA,multisession
81,500,66.909,NA,multisession
82,500,68.353,NA,multisession
83,500,66.77,NA,multisession
84,500,68.393,NA,multisession
85,500,68.968,NA,multisession
86,500,69.806,NA,multisession
87,500,74.045,NA,multisession
88,500,71.893,NA,multisession
89,500,74.816,NA,multisession
90,500,75.5,NA,multisession
91,500,73.891,NA,multisession
92,500,78.213,NA,multisession
93,500,76.771,NA,multisession
94,500,77.555,NA,multisession
95,500,83.692,NA,multisession
96,500,85.086,NA,multisession
97,500,78.311,NA,multisession
98,500,79.586,NA,multisession
99,500,83.539,NA,multisession
100,500,83.567,NA,multisession
11,5,NA,103.716,multisession
12,5,NA,398.167,multisession
13,5,NA,1587.453,multisession
14,5,NA,6620.323,multisession
15,5,NA,28006.558,multisession
10,1000,31.034,NA,multisession
20,1000,44.047,NA,multisession
50,1000,88.958,NA,multisession
100,1000,161.145,NA,multisession
10,2000,59.298,NA,multisession
20,2000,89.375,NA,multisession
50,2000,180.043,NA,multisession
100,2000,341.454,NA,multisession
10,5000,161.126,NA,multisession
20,5000,247.731,NA,multisession
50,5000,507.399,NA,multisession
100,5000,951.462,NA,multisession
10,10000,369.847,NA,multisession
20,10000,571.968,NA,multisession
50,10000,1252.735,NA,multisession
100,10000,3033.048,NA,multisession
9,5,0.571,18.978,sequential
10,5,0.55,53.699,sequential
9,10,1.16,42.435,sequential
10,10,1.183,111.179,sequential
2,20,1.486,3.049,sequential
3,20,1.598,3.423,sequential
4,20,1.701,4.63,sequential
5,20,1.886,6.54,sequential
6,20,1.988,10.559,sequential
7,20,2.058,17.765,sequential
8,20,2.104,37.209,sequential
9,20,2.394,83.048,sequential
10,20,2.482,221.376,sequential
2,50,3.789,7.608,sequential
3,50,4.246,8.983,sequential
4,50,4.124,11.024,sequential
5,50,4.409,16.766,sequential
6,50,4.889,26.688,sequential
7,50,4.77,46.105,sequential
8,50,5.175,92.547,sequential
9,50,5.399,209.458,sequential
10,50,5.967,556.769,sequential
2,100,7.033,14.93,sequential
3,100,8.326,17.769,sequential
4,100,8.646,21.902,sequential
5,100,8.855,30.982,sequential
6,100,9.059,50.969,sequential
7,100,10.493,93.986,sequential
8,100,10.091,176.866,sequential
9,100,10.72,412.904,sequential
10,100,12.103,1108.111,sequential
